{
  "total_return": 0.00579526849188805,
  "sharpe": 0.3680343298901875,
  "sortino": 0.46258305329883054,
  "max_drawdown": -0.019808749849654944,
  "win_rate": 0.503448275862069,
  "n_trades": 145,
  "final_equity": 100579.5268491888
}