{
  "part1": {
    "C_ctrl_63": {
      "desc": "stable=63d (control)",
      "stats": {
        "cagr": 0.23607236517296193,
        "sharpe": 1.4981158884366998,
        "max_dd": -0.12940782702766251,
        "n": 188
      }
    },
    "A_avg_63_126": {
      "desc": "stable=avg(63,126)",
      "stats": {
        "cagr": 0.22692308439458486,
        "sharpe": 1.370437307450583,
        "max_dd": -0.2116540441525777,
        "n": 188
      }
    },
    "B_avg_58_68": {
      "desc": "stable=avg(58,68) [on-the-fly]",
      "stats": {
        "cagr": 0.23903628524255316,
        "sharpe": 1.5241569027387492,
        "max_dd": -0.12660762602154074,
        "n": 188
      }
    },
    "A_cliff_42_126": {
      "desc": "stable=avg(42,126) cliff test",
      "stats": {
        "cagr": 0.21384145734323523,
        "sharpe": 1.3062182879859232,
        "max_dd": -0.2116540441525777,
        "n": 188
      }
    },
    "lb42_alone": {
      "desc": "stable=42 alone (known cliff)",
      "stats": {
        "cagr": 0.16426259426770007,
        "sharpe": 1.130007723627056,
        "max_dd": -0.154951160377229,
        "n": 188
      }
    }
  },
  "part2": {
    "terciles": {
      "q33": 0.04681219724817981,
      "q67": 0.06800676823172837
    },
    "buckets": {
      "low": {
        "months": 64,
        "strat_cagr": 0.2499948223785453,
        "strat_sharpe": 1.970629388369347,
        "spy_cagr": 0.13823839895147327,
        "excess_cagr": 0.11175642342707204
      },
      "med": {
        "months": 63,
        "strat_cagr": 0.2522365231196926,
        "strat_sharpe": 1.6082745321323568,
        "spy_cagr": 0.07460678627812811,
        "excess_cagr": 0.17762973684156447
      },
      "high": {
        "months": 63,
        "strat_cagr": 0.2053491969060226,
        "strat_sharpe": 1.1236132917239043,
        "spy_cagr": 0.15456812982992973,
        "excess_cagr": 0.05078106707609287
      }
    }
  },
  "part3": {
    "end": {
      "cagr": 0.23607236517296193,
      "sharpe": 1.4981158884366998,
      "max_dd": -0.12940782702766251,
      "n": 188
    },
    "mid": {
      "cagr": 0.19458551004988722,
      "sharpe": 1.1952751928255605,
      "max_dd": -0.2721173176517033,
      "n": 188
    },
    "start": {
      "cagr": 0.193292990206825,
      "sharpe": 1.1647659246188709,
      "max_dd": -0.1992776239917594,
      "n": 189
    },
    "random": {
      "n": 200,
      "cagr_median": 0.18925412183922097,
      "cagr_p05": 0.1468699301146292,
      "cagr_p95": 0.25415881076672275,
      "sharpe_median": 1.1680378667129032,
      "sharpe_p05": 0.9058759515274204,
      "sharpe_p95": 1.56796414590054,
      "maxdd_median": -0.2721173176517033,
      "maxdd_p05": -0.3552161409181637,
      "maxdd_p95": -0.17271044112252115
    }
  }
}