{
  "runs": 10000,
  "horizon_months": 180,
  "n_valid": 10000,
  "cagr_median": 0.23694424823384352,
  "cagr_p05": 0.16110966053968573,
  "cagr_p95": 0.31695981485848984,
  "sharpe_median": 1.5093065940136627,
  "sharpe_p05": 1.0590713136821528,
  "maxdd_p05": -0.28807430631414455,
  "maxdd_p95": -0.11763779068885,
  "p_neg_3y": 0.0064,
  "p_underperform_spy_5y": 0.2209,
  "p_cagr_gt_15_10y": 0.9386
}