{
  "end": {
    "cagr": 0.23607236517296193,
    "sharpe": 1.4981158884366998,
    "max_dd": -0.12940782702766251,
    "n": 188
  },
  "mid": {
    "cagr": 0.19458551004988722,
    "sharpe": 1.1952751928255605,
    "max_dd": -0.2721173176517033,
    "n": 188
  },
  "start": {
    "cagr": 0.193292990206825,
    "sharpe": 1.1647659246188709,
    "max_dd": -0.1992776239917594,
    "n": 189
  },
  "random": {
    "n": 200,
    "cagr_median": 0.18925412183922097,
    "cagr_p05": 0.1468699301146292,
    "cagr_p95": 0.25415881076672275,
    "sharpe_median": 1.1680378667129032,
    "sharpe_p05": 0.9058759515274204,
    "sharpe_p95": 1.56796414590054,
    "maxdd_median": -0.2721173176517033,
    "maxdd_p05": -0.3552161409181637,
    "maxdd_p95": -0.17271044112252115
  }
}