{
  "baseline": {
    "cagr": 0.23607236517296193,
    "sharpe": 1.4981158884366998,
    "max_dd": -0.12940782702766251,
    "n": 188
  },
  "inflation_features__cpi_yoy": {
    "stats": {
      "cagr": 0.22188294798058772,
      "sharpe": 1.3791366834764565,
      "max_dd": -0.18679768731208524,
      "n": 188
    },
    "d_cagr_pp": -1.418941719237421,
    "d_sharpe": -0.11897920496024339,
    "d_maxdd_pp": -5.738986028442272
  },
  "activity_features__ism_pmi": {
    "stats": {
      "cagr": 0.22417058507175103,
      "sharpe": 1.4606305964051873,
      "max_dd": -0.12660762602154085,
      "n": 188
    },
    "d_cagr_pp": -1.1901780101210901,
    "d_sharpe": -0.03748529203151252,
    "d_maxdd_pp": 0.2800201006121661
  },
  "activity_rail_traffic__rail_traffic_ma4w": {
    "stats": {
      "cagr": 0.21727658378885528,
      "sharpe": 1.411665222322587,
      "max_dd": -0.12940782702766251,
      "n": 188
    },
    "d_cagr_pp": -1.8795781384106647,
    "d_sharpe": -0.0864506661141129,
    "d_maxdd_pp": 0.0
  },
  "cross_asset_oil_gold__oil_gold_ratio": {
    "stats": {
      "cagr": 0.23601225363201128,
      "sharpe": 1.4966001585184368,
      "max_dd": -0.12940782702766263,
      "n": 188
    },
    "d_cagr_pp": -0.006011154095064697,
    "d_sharpe": -0.0015157299182630979,
    "d_maxdd_pp": -1.1102230246251565e-14
  },
  "activity_features__capacity_utilization": {
    "stats": {
      "cagr": 0.227763600142864,
      "sharpe": 1.4761516575208884,
      "max_dd": -0.12940782702766251,
      "n": 188
    },
    "d_cagr_pp": -0.830876503009792,
    "d_sharpe": -0.021964230915811456,
    "d_maxdd_pp": 0.0
  },
  "wall_seconds": 127.61174845695496
}