{
  "spy_buckets": {
    "spy12m_>15%": {
      "n": 102,
      "strat_cagr": 0.1746641972295213,
      "spy_cagr": 0.2907290644549223,
      "excess_pp": -11.6064867225401
    },
    "spy12m_0_15%": {
      "n": 56,
      "strat_cagr": 0.3695438138073863,
      "spy_cagr": -0.014461442727382257,
      "excess_pp": 38.400525653476855
    },
    "spy12m_-15_0%": {
      "n": 17,
      "strat_cagr": 0.12229574134324372,
      "spy_cagr": -0.004000277228629057,
      "excess_pp": 12.629601857187279
    },
    "spy12m_<-15%": {
      "n": 4,
      "strat_cagr": 0.18314860004934674,
      "spy_cagr": -0.18347736740000165,
      "excess_pp": 36.66259674493484
    }
  },
  "vix_buckets": {
    "vix_<15": {
      "n": 65,
      "strat_cagr": 0.09287252389098688,
      "spy_cagr": 0.39593908731872696,
      "excess_pp": -30.30665634277401
    },
    "vix_15_25": {
      "n": 99,
      "strat_cagr": 0.33978328543594594,
      "spy_cagr": 0.12006332233196515,
      "excess_pp": 21.97199631039808
    },
    "vix_>25": {
      "n": 26,
      "strat_cagr": 0.21735126249035863,
      "spy_cagr": -0.19563569658647129,
      "excess_pp": 41.29869590768299
    }
  }
}