{
  "levels": {
    "0bps": {
      "stats": {
        "cagr": 0.23607236517296193,
        "sharpe": 1.4981158884366998,
        "max_dd": -0.12940782702766251,
        "n": 188
      },
      "excess_vs_spy_pp": 8.187649620472982
    },
    "5bps": {
      "stats": {
        "cagr": 0.22855204832144693,
        "sharpe": 1.4568608725219607,
        "max_dd": -0.1304532084396356,
        "n": 188
      },
      "excess_vs_spy_pp": 7.435617935321481
    },
    "10bps": {
      "stats": {
        "cagr": 0.22107209413341433,
        "sharpe": 1.4155157993496097,
        "max_dd": -0.13149806949204979,
        "n": 188
      },
      "excess_vs_spy_pp": 6.687622516518221
    },
    "20bps": {
      "stats": {
        "cagr": 0.20623252057959673,
        "sharpe": 1.332585399454365,
        "max_dd": -0.13358623051820084,
        "n": 188
      },
      "excess_vs_spy_pp": 5.2036651611364615
    },
    "30bps": {
      "stats": {
        "cagr": 0.19155214568697887,
        "sharpe": 1.249384917439799,
        "max_dd": -0.14029339099925897,
        "n": 188
      },
      "excess_vs_spy_pp": 3.735627671874675
    },
    "50bps": {
      "stats": {
        "cagr": 0.16266305632136957,
        "sharpe": 1.0824167719027387,
        "max_dd": -0.16679159831914903,
        "n": 188
      },
      "excess_vs_spy_pp": 0.8467187353137451
    }
  },
  "annual_turnover": 12.333084843291012,
  "spy_stats": {
    "cagr": 0.15419586896823212,
    "sharpe": 1.0924855054773137,
    "max_dd": -0.2660656239463164,
    "n": 190
  },
  "break_even_bps": 55.83012953954691,
  "survives_20bps": true
}