{
  "baseline": {
    "cagr": 0.23607236517296193,
    "sharpe": 1.4981158884366998,
    "max_dd": -0.12940782702766251,
    "n": 188
  },
  "perturbations": {
    "lb_stable=42": {
      "stats": {
        "cagr": 0.16426259426770007,
        "sharpe": 1.130007723627056,
        "max_dd": -0.154951160377229,
        "n": 188
      },
      "params": {
        "lookback_stable": 42
      },
      "flag": "FLAG"
    },
    "lb_stable=126": {
      "stats": {
        "cagr": 0.21620629319589124,
        "sharpe": 1.3228049758274634,
        "max_dd": -0.212347328425601,
        "n": 188
      },
      "params": {
        "lookback_stable": 126
      },
      "flag": "ok"
    },
    "lb_trans=42": {
      "stats": {
        "cagr": 0.20617203092370584,
        "sharpe": 1.3171198994006548,
        "max_dd": -0.12940782702766251,
        "n": 188
      },
      "params": {
        "lookback_trans": 42
      },
      "flag": "ok"
    },
    "lb_trans=10": {
      "stats": {
        "cagr": 0.21984274614648092,
        "sharpe": 1.3569793507427814,
        "max_dd": -0.19020468085580666,
        "n": 188
      },
      "params": {
        "lookback_trans": 10
      },
      "flag": "ok"
    },
    "sma_gate=-0.03": {
      "stats": {
        "cagr": 0.23017142277623814,
        "sharpe": 1.4796873919741267,
        "max_dd": -0.12940782702766263,
        "n": 188
      },
      "params": {
        "sma_gate": -0.03
      },
      "flag": "ok"
    },
    "sma_gate=-0.05": {
      "stats": {
        "cagr": 0.2349392304291371,
        "sharpe": 1.4916869535445791,
        "max_dd": -0.12940782702766251,
        "n": 188
      },
      "params": {
        "sma_gate": -0.05
      },
      "flag": "ok"
    },
    "split=40/60": {
      "stats": {
        "cagr": 0.2328082795390991,
        "sharpe": 1.5067491826870025,
        "max_dd": -0.12141004033011094,
        "n": 188
      },
      "params": {
        "weight_top1": 0.4,
        "weight_topk": 0.6
      },
      "flag": "ok"
    },
    "split=60/40": {
      "stats": {
        "cagr": 0.23906874998368433,
        "sharpe": 1.4755101705909635,
        "max_dd": -0.13878468786233233,
        "n": 188
      },
      "params": {
        "weight_top1": 0.6,
        "weight_topk": 0.4
      },
      "flag": "ok"
    },
    "m26_defer=2": {
      "stats": {
        "cagr": 0.2324882414063978,
        "sharpe": 1.4719444074265422,
        "max_dd": -0.1294078270276624,
        "n": 188
      },
      "params": {
        "m26_post_days": 2
      },
      "flag": "ok"
    },
    "m26_defer=5": {
      "stats": {
        "cagr": 0.23096648352035554,
        "sharpe": 1.4659487751202864,
        "max_dd": -0.12940782702766251,
        "n": 188
      },
      "params": {
        "m26_post_days": 5
      },
      "flag": "ok"
    },
    "m26_window=1": {
      "stats": {
        "cagr": 0.23586519790500104,
        "sharpe": 1.4915320941189512,
        "max_dd": -0.12940782702766251,
        "n": 188
      },
      "params": {
        "m26_window_post": 1
      },
      "flag": "ok"
    },
    "m26_window=3": {
      "stats": {
        "cagr": 0.2358498556124633,
        "sharpe": 1.4966040356422614,
        "max_dd": -0.12940782702766251,
        "n": 188
      },
      "params": {
        "m26_window_post": 3
      },
      "flag": "ok"
    },
    "atr_window=14": {
      "stats": {
        "cagr": 0.2356322423494268,
        "sharpe": 1.4976418984437032,
        "max_dd": -0.12994384200587905,
        "n": 188
      },
      "params": {
        "atr_window": 14
      },
      "flag": "ok"
    }
  }
}