{
  "GLD": 0.055,
  "SOXX": 0.055283,
  "XLE": 0.889718
}