{
  "B0_random": {
    "monthly_accuracy": 0.1164021164021164,
    "n_monthly_obs": 189,
    "mean_monthly": 0.010957903315751073,
    "sharpe_ann": 0.6874162641460341,
    "cagr": 0.11994590653961557,
    "max_dd": -0.25844468564109513,
    "n_months": 189
  },
  "B1_QQQ": {
    "monthly_accuracy": 0.026455026455026454,
    "n_monthly_obs": 189,
    "mean_monthly": 0.015006964169427737,
    "sharpe_ann": 1.0090610896474357,
    "cagr": 0.17721418531732036,
    "max_dd": -0.222429901266201,
    "n_months": 189
  },
  "B2_mom12_1": {
    "monthly_accuracy": 0.18518518518518517,
    "n_monthly_obs": 189,
    "mean_monthly": 0.01575549938846275,
    "sharpe_ann": 0.8533918844542574,
    "cagr": 0.17799473382791886,
    "max_dd": -0.3715677869581041,
    "n_months": 189
  },
  "B3_mom63d": {
    "monthly_accuracy": 0.2275132275132275,
    "n_monthly_obs": 189,
    "mean_monthly": 0.016371867745717944,
    "sharpe_ann": 0.9979227769597159,
    "cagr": 0.19248218959192198,
    "max_dd": -0.2167147616766858,
    "n_months": 189
  }
}